{
  "stage1_baseline/val": {
    "n_tiles": 231,
    "n_boot": 2000,
    "point": {
      "mIoU": 0.7332717023951951,
      "mF1": 0.8411056300873557,
      "OA": 0.9083282178732397,
      "per_class_iou": {
        "Forest": 0.7149171731189864,
        "Grassland": 0.8968209590934094,
        "Cropland": 0.8119026078643579,
        "Settlement": 0.6774909404659155,
        "Seminatural": 0.5652268314333065
      }
    },
    "ci_95": {
      "mIoU": [
        0.7018448738331107,
        0.7576586969227805
      ],
      "mF1": [
        0.8167669973275505,
        0.8585590538833543
      ],
      "OA": [
        0.8960112863270101,
        0.9201391257574222
      ],
      "per_class_iou": {
        "Forest": [
          0.6907864189236317,
          0.7369002245945032
        ],
        "Grassland": [
          0.8803108529444199,
          0.9122077046124654
        ],
        "Cropland": [
          0.7083701905051656,
          0.8795295641367188
        ],
        "Settlement": [
          0.6446799571208816,
          0.7064863052277409
        ],
        "Seminatural": [
          0.45054905693373554,
          0.6598352331406048
        ]
      }
    }
  },
  "stage1_baseline/test": {
    "n_tiles": 230,
    "n_boot": 2000,
    "point": {
      "mIoU": 0.725299580291477,
      "mF1": 0.8369491242442834,
      "OA": 0.896455643443188,
      "per_class_iou": {
        "Forest": 0.7333418470418015,
        "Grassland": 0.8798645601204814,
        "Cropland": 0.7432491167335175,
        "Settlement": 0.6991811299376808,
        "Seminatural": 0.5708612476239037
      }
    },
    "ci_95": {
      "mIoU": [
        0.6853557483641193,
        0.7576272881883052
      ],
      "mF1": [
        0.8058899532555172,
        0.8598645071760079
      ],
      "OA": [
        0.8783445918187166,
        0.9112784461940131
      ],
      "per_class_iou": {
        "Forest": [
          0.7081318950747969,
          0.7561929242608512
        ],
        "Grassland": [
          0.855701704722005,
          0.8995996044734069
        ],
        "Cropland": [
          0.6323527976492886,
          0.8223804119196042
        ],
        "Settlement": [
          0.6748546910595559,
          0.7221654029495066
        ],
        "Seminatural": [
          0.42644732696038523,
          0.6901568117115772
        ]
      }
    }
  },
  "stage2_replication/val": {
    "n_tiles": 231,
    "n_boot": 2000,
    "point": {
      "mIoU": 0.7368494536269309,
      "mF1": 0.8439448498875146,
      "OA": 0.9115391555587595,
      "per_class_iou": {
        "Forest": 0.7257417258416712,
        "Grassland": 0.9014265482445403,
        "Cropland": 0.7878466604351465,
        "Settlement": 0.6988971594014988,
        "Seminatural": 0.570335174211798
      }
    },
    "ci_95": {
      "mIoU": [
        0.7055212713084986,
        0.764017192756629
      ],
      "mF1": [
        0.8192393663976828,
        0.8625992635929213
      ],
      "OA": [
        0.8991956698298531,
        0.9229931319198653
      ],
      "per_class_iou": {
        "Forest": [
          0.7029697808460132,
          0.747026407238431
        ],
        "Grassland": [
          0.8851768120862977,
          0.9164725289243633
        ],
        "Cropland": [
          0.6797655551462602,
          0.8660055390402335
        ],
        "Settlement": [
          0.667315656843918,
          0.7271419834293896
        ],
        "Seminatural": [
          0.45980644083003996,
          0.659978562840698
        ]
      }
    }
  },
  "stage2_replication/test": {
    "n_tiles": 230,
    "n_boot": 2000,
    "point": {
      "mIoU": 0.7319249701109286,
      "mF1": 0.8420368818969809,
      "OA": 0.9005045305921766,
      "per_class_iou": {
        "Forest": 0.7454417828068874,
        "Grassland": 0.8827763328438316,
        "Cropland": 0.7242553116241216,
        "Settlement": 0.7097163788559693,
        "Seminatural": 0.5974350444238331
      }
    },
    "ci_95": {
      "mIoU": [
        0.6935797814709331,
        0.7662472247147722
      ],
      "mF1": [
        0.8116223377285922,
        0.8656937040908448
      ],
      "OA": [
        0.8829354367905923,
        0.9157189740364428
      ],
      "per_class_iou": {
        "Forest": [
          0.7221895167041592,
          0.7670880409004106
        ],
        "Grassland": [
          0.8588878657334708,
          0.9031089541619293
        ],
        "Cropland": [
          0.6080910957599569,
          0.812922361811504
        ],
        "Settlement": [
          0.6858253972211082,
          0.7314727597437561
        ],
        "Seminatural": [
          0.45238965160584665,
          0.7223436745083889
        ]
      }
    }
  },
  "stage3b_finetune/val": {
    "n_tiles": 231,
    "n_boot": 2000,
    "point": {
      "mIoU": 0.7903274094226722,
      "mF1": 0.8801692432009011,
      "OA": 0.9279971974815014,
      "per_class_iou": {
        "Forest": 0.745718224943017,
        "Grassland": 0.9167489717454391,
        "Cropland": 0.8747317931094033,
        "Settlement": 0.7248206344589763,
        "Seminatural": 0.6896174228565257
      }
    },
    "ci_95": {
      "mIoU": [
        0.7644880356128554,
        0.8117330731613247
      ],
      "mF1": [
        0.8628462975663137,
        0.8936889522164153
      ],
      "OA": [
        0.9184034600713564,
        0.9366611627107484
      ],
      "per_class_iou": {
        "Forest": [
          0.724322038885707,
          0.7659811829285791
        ],
        "Grassland": [
          0.9036494873186918,
          0.9280246915388409
        ],
        "Cropland": [
          0.7910821871850543,
          0.9283118018451207
        ],
        "Settlement": [
          0.6936810550254451,
          0.7515899131785815
        ],
        "Seminatural": [
          0.5954172223149096,
          0.7693720416402628
        ]
      }
    }
  },
  "stage3b_finetune/test": {
    "n_tiles": 230,
    "n_boot": 2000,
    "point": {
      "mIoU": 0.7865777789065753,
      "mF1": 0.878785310648561,
      "OA": 0.9214186315992158,
      "per_class_iou": {
        "Forest": 0.7658431338915266,
        "Grassland": 0.9067987263033558,
        "Cropland": 0.8214599273952069,
        "Settlement": 0.7340746168344376,
        "Seminatural": 0.7047124901083498
      }
    },
    "ci_95": {
      "mIoU": [
        0.7533798115291074,
        0.8125797245577256
      ],
      "mF1": [
        0.8551859717586325,
        0.8950484898184398
      ],
      "OA": [
        0.9080113348217546,
        0.9326199858419941
      ],
      "per_class_iou": {
        "Forest": [
          0.7445723044652183,
          0.7855645529122308
        ],
        "Grassland": [
          0.8883406150374104,
          0.9222593321023888
        ],
        "Cropland": [
          0.7465358859179521,
          0.8775213862756275
        ],
        "Settlement": [
          0.7122301807265797,
          0.754026183531963
        ],
        "Seminatural": [
          0.5781754303177802,
          0.8054719435679124
        ]
      }
    }
  },
  "stage4_sampling/val": {
    "n_tiles": 231,
    "n_boot": 2000,
    "point": {
      "mIoU": 0.8178903486791587,
      "mF1": 0.8979660726947143,
      "OA": 0.9380289737668968,
      "per_class_iou": {
        "Forest": 0.7535888355474532,
        "Grassland": 0.9288615306155023,
        "Cropland": 0.8861362176120534,
        "Settlement": 0.7426170955725296,
        "Seminatural": 0.7782480640482549
      }
    },
    "ci_95": {
      "mIoU": [
        0.7958209689333322,
        0.8345300870870433
      ],
      "mF1": [
        0.8844600214733888,
        0.9078849203525674
      ],
      "OA": [
        0.931655492645349,
        0.9439178645958707
      ],
      "per_class_iou": {
        "Forest": [
          0.7326958979909678,
          0.7737136032393113
        ],
        "Grassland": [
          0.9202925872169904,
          0.9366602123620532
        ],